User,text,Date
@ZodiacTerms,8 Signs That Your Relationship Should and Will End - https://t.co/L7PGoML3Hk,Fri Nov 06 22:12:03 +0000 2020
@ZodiacTerms,11 Of The Funniest Things People Have Said In Their Sleep - https://t.co/lKeR3Au6f8,Thu Nov 05 22:11:02 +0000 2020
@ZodiacTerms,Hilarious Differences Between Single And Dating People - https://t.co/j4kEmOtGaN,Wed Nov 04 22:54:03 +0000 2020
@ZodiacTerms,9 People Who Are Really Nailing This Whole Marriage Thing - https://t.co/sevOeoJxpJ,Tue Nov 03 22:49:02 +0000 2020
@ZodiacTerms,10 Dead giveaways of a Cheating Woman - https://t.co/UA8JZ1EH3O,Mon Nov 02 22:52:03 +0000 2020
@ZodiacTerms,11 Things A Guy Seriously Needs To Remember To Win In A Relationship - https://t.co/kdALF5aRTz,Sat Oct 10 21:45:03 +0000 2020
@ZodiacTerms,"Like a Bad Habit, Avoiding Verbally Abusive Relationships Can be Difficult for Someone https://t.co/Fyw9i2G7mT https://t.co/EYHfajnkWV",Sun May 07 02:26:35 +0000 2017
@ZodiacTerms,Nope Scorpios are loyal people and a Sagittarius values the honesty that they bring to the friendship.,Sat May 06 14:53:10 +0000 2017
@ZodiacTerms,"Well Pisces and Cancer have a stronger connection,but why not just keep your Taurus girl and value what she brings to your relationship?",Sat May 06 14:35:55 +0000 2017
@ZodiacTerms,Can Internet Relationships Work? This Is The Big Question For Everyone Involved In Online Dating‚Ä¶ https://t.co/pJmj0BxZgg,Sat May 06 14:23:09 +0000 2017
@ZodiacTerms,Jessikahpetty on Snapchat is a #Scorpio so... Bitter and crass or a comedian?,Sat May 06 05:40:08 +0000 2017
@ZodiacTerms,Doing This Will Kill Your Relationship ‚Äì Here Are The Most Common Relationship Killers https://t.co/uy1lw3L3Oy https://t.co/ws9JRkXiSi,Sat May 06 02:19:09 +0000 2017
@ZodiacTerms,Tips on How to Make a Long Lasting Friendship https://t.co/wOPQhFK6nv https://t.co/CQYv0OPQ4Z,Fri May 05 14:14:12 +0000 2017
@ZodiacTerms,Mars in #Pisces: When things get tough they isolate themselves and like to deal with things when the moment is right.,Fri May 05 03:52:06 +0000 2017
@ZodiacTerms,Mars in #Aquarius: When things get tough they shut off all their emotions and choose to move forward instead of focusing on the past.,Fri May 05 03:35:39 +0000 2017
@ZodiacTerms,Mars in #Capricorn: When things get tough they keep busy trying to distract themselves from everything that's going on around them.,Fri May 05 03:20:06 +0000 2017
@ZodiacTerms,Mars in #Libra: When things get tough they try to find a sense of balance between what's real and what's fake.,Fri May 05 03:04:05 +0000 2017
@ZodiacTerms,10 Ways to Increase Marital Intimacy (Below are 10 ways to be a mannerly spouse) https://t.co/2UgDNu1dxP https://t.co/7eLQ5mbwvC,Fri May 05 02:10:08 +0000 2017
@ZodiacTerms,#Pisces: They teach us how to expand our imagination,Thu May 04 20:33:07 +0000 2017
@ZodiacTerms,#Sagittarius: They will teach you to believe in yourself above everything else,Thu May 04 20:16:08 +0000 2017
@ZodiacTerms,I need a Taurus or Virgo. They usually make great partners.,Thu May 04 20:00:05 +0000 2017
@ZodiacTerms,What Is the Difference Between Loving and Being in Love? https://t.co/nAg5KifqKh https://t.co/dMHz5WZwRO,Thu May 04 14:06:15 +0000 2017
@ZodiacTerms,#Pisces: They are one of the kindest and most laid back people you will ever meet until you push the wrong button.,Thu May 04 03:16:04 +0000 2017
@ZodiacTerms,#Sagittarius: They get bored real fast so be prepared to inject excitement into your relationship on a regular basis.,Thu May 04 02:59:39 +0000 2017
@ZodiacTerms,"#Libra: They can charm their way into your life, and you will not even realize just how much you have fallen under their spell.",Thu May 04 02:44:43 +0000 2017
@ZodiacTerms,#Gemini: More than any other sign they often feel compelled to go out and experience the world in search of finding greatness.,Thu May 04 02:29:05 +0000 2017
@ZodiacTerms,"#Taurus: Don‚Äôt let a Taurus slow and steady nature fool you, because when it comes to business they always know how to get the job done.",Thu May 04 02:14:04 +0000 2017
@ZodiacTerms,How to Get a Good Quality Time with Your Children https://t.co/sjaIgyj4M5 https://t.co/j7KY62nLLl,Thu May 04 02:00:08 +0000 2017
@ZodiacTerms,As a #Gemini you find a Cancer to be too emotional.,Thu May 04 00:38:05 +0000 2017
@ZodiacTerms,How To Spot Each Sign at Thanksgiving Dinner https://t.co/2nhC1z5EqO https://t.co/L85SKv6sNh,Wed May 03 13:55:00 +0000 2017
@ZodiacTerms,How to Maintain a Before Marriage Relationship https://t.co/nLMPWEoMtu https://t.co/6tjSRAfRN1,Wed May 03 13:54:58 +0000 2017
@ZodiacTerms,3 Best Tips to Solve the Problems in a Relationship https://t.co/dbz3Kb21G6 https://t.co/eEBJ9geuYS,Wed May 03 01:50:09 +0000 2017
@ZodiacTerms,What Does It Mean to Be a Highly Sensitive Person? https://t.co/Rge2ycaOvz,Tue May 02 13:48:12 +0000 2017
@ZodiacTerms,As a #Pisces you find a Leo to be too arrogant.,Tue May 02 02:49:08 +0000 2017
@ZodiacTerms,As an #Aquarius you find a Capricorn to be too reserved.,Tue May 02 02:34:04 +0000 2017
@ZodiacTerms,As a #Scorpio you find a Gemini to be too flirtatious.,Tue May 02 02:17:09 +0000 2017
@ZodiacTerms,The 2 Words You Need to Be Saying Much More in Your Relationship https://t.co/OF8lMJ6KEn https://t.co/hD2fnBhMfy,Tue May 02 01:42:57 +0000 2017
@ZodiacTerms,Geminis have a hard time settling down and really like their freedom. You two probably are better as friends than lovers.,Mon May 01 22:11:11 +0000 2017
@ZodiacTerms,Aquarius and Gemini üòä,Mon May 01 21:39:11 +0000 2017
@ZodiacTerms,Making Room for the Kids When Parents Live Apart https://t.co/OJEAliB9gX,Mon May 01 13:38:25 +0000 2017
@ZodiacTerms,"#Aquarius,#Sagittarius,#Gemini: People think you're heartless, but in reality you are just careful about who you trust.",Mon May 01 03:50:09 +0000 2017
@ZodiacTerms,"#Taurus,#Virgo,#Capricorn: People think you're too serious, but you can be very adventurous when it comes down to it.",Mon May 01 03:34:02 +0000 2017
@ZodiacTerms,"#Aries,#Leo,#Scorpio: People think you're aggressive, but you can be very passionate.",Mon May 01 03:16:06 +0000 2017
@ZodiacTerms,What You Should Do When You Love Two Men at the Same Time https://t.co/4LmY2JXdKi https://t.co/YABDepEjfh,Mon May 01 01:32:17 +0000 2017
@ZodiacTerms,Lmao you want to bet? They're opposites signs but an Aries Isn't the best choice for a Libra.,Mon May 01 00:22:10 +0000 2017
@ZodiacTerms,A #Pisces is definitely the one that's usually in their own little world.,Sun Apr 30 21:04:11 +0000 2017
@ZodiacTerms,A #Sagittarius is definitely someone that loves to joke around so you have to be prepared for anything.,Sun Apr 30 20:52:16 +0000 2017
@ZodiacTerms,A #Virgo is definitely the one that has a response for everything.,Sun Apr 30 20:33:06 +0000 2017
@ZodiacTerms,A #Leo is definitely the one that's always generous with their time and affection but that doesn't mean they will chase after you.,Sun Apr 30 20:17:07 +0000 2017
@ZodiacTerms,A #Cancer is definitely the one that knows how to create strong bonds in even the most unlikely of circumstances.,Sun Apr 30 20:00:04 +0000 2017
@ZodiacTerms,"As a #Pisces Your Compatible Signs (Cancer,Scorpio) are attentive and understanding.",Sun Apr 30 17:18:04 +0000 2017
@ZodiacTerms,"As a #Capricorn Your Compatible Signs (Virgo,Taurus) are hardworking and reliable. You can always count on them.",Sun Apr 30 17:02:05 +0000 2017
@ZodiacTerms,"As a #Virgo Your Compatible Signs (Capricorn,Taurus) are stable and practical which is everything that you crave in a partner.",Sun Apr 30 16:47:07 +0000 2017
@ZodiacTerms,"As a #Taurus Your Compatible Signs (Virgo,Capricorn) have the patience and gentle nature to keep you happy.",Sun Apr 30 16:30:08 +0000 2017
@ZodiacTerms,"As an #Aries Your Compatible Signs (Sagittarius, Leo) are capable of handling your aggressive nature.",Sun Apr 30 16:14:09 +0000 2017
@ZodiacTerms,The Psychosocial Effects on Personality: Social Markers to Follow in Early Personality Development‚Ä¶ https://t.co/r63ucoSpKh,Sun Apr 30 13:29:09 +0000 2017
@ZodiacTerms,Find Your Passion (Apart from Your Relationship) https://t.co/kaRfTw2JPD https://t.co/Mh2m3y5p3z,Sun Apr 30 01:23:12 +0000 2017
@ZodiacTerms,Codependency Addiction: Stages of Disease and Recovery https://t.co/DDRltc5Esf,Sat Apr 29 13:18:33 +0000 2017
@ZodiacTerms,"#ISuckAtRelationships: Don‚Äôt Play the Field, Work Your Burners https://t.co/knPE5Wewcp",Sat Apr 29 01:16:08 +0000 2017
@ZodiacTerms,"6 Rules for a Healthy Texting Relationship ‚Äì Be a Sexual Person, Not a Textual Person!! https://t.co/gq0JYHiDAx https://t.co/FkqNl5QK9e",Fri Apr 28 13:11:08 +0000 2017
@ZodiacTerms,The Complete Guide to Fix Your Dating Failures https://t.co/X3tsfSHWAU https://t.co/euC0gumf1M,Fri Apr 28 01:07:11 +0000 2017
@ZodiacTerms,As a #Pisces it's hard for you to be friends with: People who are bossy,Thu Apr 27 23:02:08 +0000 2017
@ZodiacTerms,As a #Scorpio it's hard for you to be friends with: People who gossip all the time.,Thu Apr 27 22:47:09 +0000 2017
@ZodiacTerms,5 Simple Steps to Approach a Guy When You Fear Rejection https://t.co/RW5d8uLNjE https://t.co/E17hyo0MMD,Thu Apr 27 13:00:13 +0000 2017
@ZodiacTerms,#Pisces: They sometimes have a knack for making things worse for themselves.,Thu Apr 27 04:06:08 +0000 2017
@ZodiacTerms,"#Sagittarius: They usually like to be independent,but know a good thing when they see it and it isn't afraid to be clingy.",Thu Apr 27 03:51:08 +0000 2017
@ZodiacTerms,#Gemini: They try to bury their own issues with long talks and good times with friends so they're never alone with their own thoughts.,Thu Apr 27 03:36:08 +0000 2017
@ZodiacTerms,"Fire signs #Aries,#Leo,#Sagittarius are always there to tell you the truth when you need it the most.",Thu Apr 27 02:46:08 +0000 2017
@ZodiacTerms,The Real Reason Why Women Love and Wan‚Äôt Bad Boys https://t.co/l1wjsdF9qk https://t.co/ZynVq0sN3H,Thu Apr 27 00:56:12 +0000 2017
@ZodiacTerms,Types of Disastrous Relationship Mistakes to Avoid https://t.co/ckvCD0M7Yg https://t.co/CCzlJc1mYk,Wed Apr 26 12:51:42 +0000 2017
@ZodiacTerms,#Capricorn + #Scorpio: Best Business Partners,Wed Apr 26 01:37:13 +0000 2017
@ZodiacTerms,#Pisces + #Cancer: Best Business Partners,Wed Apr 26 01:19:04 +0000 2017
@ZodiacTerms,The Cost of Secrets and Lies https://t.co/tPDpbCOogC,Wed Apr 26 00:49:06 +0000 2017
@ZodiacTerms,Fix Your Dating Frustration https://t.co/ijlo3U3wJh,Tue Apr 25 12:45:05 +0000 2017
@ZodiacTerms,Which Catholic (or Other) Dating Website Is Right for Me? https://t.co/tNbXItMHwK https://t.co/kdzYQLVv8I,Tue Apr 25 00:40:08 +0000 2017
@ZodiacTerms,Stop Trying to Change the Malignant Narcissist https://t.co/pBEPmNLssZ,Mon Apr 24 12:34:32 +0000 2017
@ZodiacTerms,Advice to the Groom https://t.co/5Ar54Ymiyx https://t.co/OUwmUaP2E0,Mon Apr 24 00:31:56 +0000 2017
@ZodiacTerms,"#Capricorn would be like a mountain: hard, rugged, inaccessible to only the toughest; striving ever upwards; alone.",Sun Apr 23 22:38:05 +0000 2017
@ZodiacTerms,Most Likely To Lose A #Pisces Attention: Leo,Sun Apr 23 20:47:05 +0000 2017
@ZodiacTerms,Most Likely To Lose A #Capricorn Attention: Aries,Sun Apr 23 20:31:05 +0000 2017
@ZodiacTerms,Most Likely To Lose A #Libra Attention: Pisces,Sun Apr 23 20:15:04 +0000 2017
@ZodiacTerms,#Pisces: Pisces are often stuck between wearing their heart on their sleeves and not wanting to burden anyone with their problems.,Sun Apr 23 17:17:05 +0000 2017
@ZodiacTerms,#Aquarius: An Aquarius is too busy enjoying life they don't have time to sit around worrying about other people business.,Sun Apr 23 16:58:34 +0000 2017
@ZodiacTerms,#Scorpio: Only the people they deem worthy are allowed to see them at anything but their best.,Sun Apr 23 16:41:05 +0000 2017
@ZodiacTerms,#Virgo: They need someone that's going to be able to handle them and all the success they bring to the table instead of being resentful.,Sun Apr 23 16:25:03 +0000 2017
@ZodiacTerms,#Gemini: When dating a Gemini don‚Äôt expect much peace and quiet. Be ready for a constant string of never ending questions.,Sun Apr 23 16:09:08 +0000 2017
@ZodiacTerms,Using Social Media on the Autism Spectrum https://t.co/9fl6HReCZl,Sun Apr 23 12:26:37 +0000 2017
@ZodiacTerms,"#Taurus would be like a meadow or pasture; grass, flowers, rich soil and trees.",Sun Apr 23 02:37:05 +0000 2017
@ZodiacTerms,"Happy Earth Day! The three earth signs are #Taurus, #Virgo and #Capricorn.",Sun Apr 23 01:01:07 +0000 2017
@ZodiacTerms,"While Trump Leered, the Other Men Laughed https://t.co/Px5ikZVzr8",Sun Apr 23 00:23:52 +0000 2017
@ZodiacTerms,"Codependency, Addiction, and Emptiness https://t.co/9KRUiURgK5",Sat Apr 22 12:19:55 +0000 2017
@ZodiacTerms,#Pisces: You need to take the time to distinguish between who really has your back and who is just telling you what you want to hear.,Sat Apr 22 05:27:03 +0000 2017
@ZodiacTerms,#Sagittarius: When it comes to gossip you like to check out the source of the information before you get mad at the wrong person.,Sat Apr 22 05:08:35 +0000 2017
@ZodiacTerms,#Libra: Sometimes you don't like getting involved in matters that are of no concern to you out of fear of making things worse.,Sat Apr 22 04:53:04 +0000 2017
@ZodiacTerms,"#Cancer: When you get in a fight with someone, it tends to get ugly fast because you let your emotions take over and say hurtful things.",Sat Apr 22 04:37:04 +0000 2017
@ZodiacTerms,Saying I Do: What Happens at a Catholic Wedding (VIDEO) https://t.co/d4g1xshitl https://t.co/kCIJzxRLqk,Sat Apr 22 00:13:10 +0000 2017
@ZodiacTerms,Planning a Wedding: Ten Tips https://t.co/qMDYjOJBVm https://t.co/5KXXibTrNQ,Fri Apr 21 12:09:08 +0000 2017
@ZodiacTerms,"When it comes to sex #Virgo,#Capricorn,#Pisces,#Cancer: You like to take your time to enjoy every moment.",Fri Apr 21 03:26:07 +0000 2017
@ZodiacTerms,"When it comes to sex #Sagittarius,#Libra,#Gemini,#Aquarius: You never shy away from trying new things to make your partner happy.",Fri Apr 21 03:10:03 +0000 2017
@ZodiacHub,"RT @buzzsnkr: The Pharrell x adidas NMD Hu is releasing tomorrow, 11/7 üçã https://t.co/2aZzYS5gfC https://t.co/UMt1FWCWdl",Sat Nov 07 18:40:55 +0000 2020
@ZodiacHub,"RT @ZodiacHub: Zodiac signs that are the most intelligent.

-Capricorn 
-Gemini 
-Virgo 
-Scorpio
-Aries",Sat Nov 07 18:39:25 +0000 2020
@ZodiacHub,RT @buzzsnkr: Official Images: Nike Blazer Mid ‚Äò77 x Comme des Gar√ßons x @naomiosaka https://t.co/VkeBHL6TJK https://t.co/4jpNrkqfhj,Sat Nov 07 18:36:47 +0000 2020
@ZodiacHub,RT @buzzsnkr: Air Jordan 1 Zoom Comfort Releasing in ‚ÄúPink Glaze‚Äù üéÄ https://t.co/S4HycsMA6m https://t.co/QdFUZyudJe,Sat Nov 07 18:35:44 +0000 2020
@ZodiacHub,"RT @buzzsnkr: Clot x Nike Air Max 1 ‚ÄúKiss of Death‚Äù Returns for 2021
https://t.co/qcuqDXgI0g https://t.co/x4lONMkd3B",Sat Nov 07 18:35:32 +0000 2020
@ZodiacHub,"RT @buzzsnkr: 11/30 üëÄ 
#AJ1 BLACK &amp; GOLD 
https://t.co/3aa84kOoZY https://t.co/07bl443frX",Sat Nov 07 16:37:11 +0000 2020
@ZodiacHub,"RT @buzzsnkr: League Of Legends Enlists Jordan Brand For The 2020 World Championship

https://t.co/1THNbXxrJJ https://t.co/Dctfhmqjd4",Sat Nov 07 16:36:16 +0000 2020
@ZodiacHub,RT @buzzsnkr: 13 Nike Blazer Mid ‚Äô77s to Fall in Love With üíï https://t.co/YiBB8o89jd https://t.co/RJPxwBqy3A,Sat Nov 07 16:35:45 +0000 2020
@ZodiacHub,"RT @buzzsnkr: Nike celebrates #gamers with upcoming Blazer Mid

DETAILS; https://t.co/jFdDgaUxlg https://t.co/ETuI9t6dJr",Sat Nov 07 16:35:18 +0000 2020
@ZodiacHub,"RT @buzzsnkr: ‚ö°Ô∏è ‚ÄúBUZZSNKR | Upcoming 2020 Sneaker Releases‚Äù

https://t.co/cteDBgS8sC",Sat Nov 07 16:33:58 +0000 2020
@ZodiacHub,"Zodiac signs that are the most intelligent.

-Capricorn 
-Gemini 
-Virgo 
-Scorpio
-Aries",Sat Nov 07 02:48:36 +0000 2020
@ZodiacHub,"Zodiac signs that have the best hair. 

-Leo 
-Libra 
-Cancer 
-Taurus 
-Aries",Fri Nov 06 22:57:37 +0000 2020
@ZodiacHub,"Zodiac signs that have the shortest attention spans.

-Gemini 
-Pisces 
-Aries 
-Leo 
-Capricorn",Fri Nov 06 22:28:08 +0000 2020
@ZodiacHub,"signs that throw the best shade &amp; spill the most tea:

‚Ä¢ geminis
‚Ä¢ virgos
‚Ä¢ scorpios
‚Ä¢ april aries
‚Ä¢ december sagit‚Ä¶ https://t.co/Hw3nRMFk2t",Tue Nov 03 03:43:26 +0000 2020
@ZodiacHub,"you NEED them in your life:

‚Ä¢ Cancers
‚Ä¢ Scorpios
‚Ä¢ Virgo
‚Ä¢ Libra Women
‚Ä¢ Taurus Women
‚Ä¢ Pisces Women
‚Ä¢ August Leos‚Ä¶ https://t.co/Iga1KrgXCf",Sat Oct 31 20:27:18 +0000 2020
@ZodiacHub,"zodiac signs that are most likely to fall for your.. 

Body: Gemini, Leo, Sagittarius ‚ôê 
Mind: Capricorn, Scorpio,‚Ä¶ https://t.co/wKKDDDwMld",Thu Oct 29 11:54:37 +0000 2020
@ZodiacHub,"zodiac signs that don‚Äôt follow the rules. 

-Sagittarius 
-Aries
-Taurus
-Aquarius 
-Scorpio",Wed Oct 28 01:17:29 +0000 2020
@ZodiacHub,"zodiac signs that have made the biggest impact on the 21st century.

-Aquarius 
-Pisces 
-Capricorn 
-Taurus 
-Leo",Fri Oct 23 18:51:12 +0000 2020
@ZodiacHub,"zodiac signs that rather stay home than party. 

- Cancer 
- Scorpio 
- Capricorn 
- Virgo
- Pisces",Wed Oct 21 03:54:23 +0000 2020
@ZodiacHub,"zodiac signs that forgive/forget. 

Forgives: Pisces, Libra, Sagittarius ‚ôê 

Forgets: Leo, Gemini, Aries ‚ôà 

Never‚Ä¶ https://t.co/l7qkoJZWow",Sun Oct 18 18:24:34 +0000 2020
@ZodiacHub,"zodiac signs that prefer to keep their lives a secret:

-scorpio
-virgo
-aquarius
-capricorn 
-taurus",Fri Oct 16 19:30:57 +0000 2020
@ZodiacHub,"what the signs want: 
happiness: Sagittarius, Leo, Gemini, Virgo ‚ôç 
power: Capricorn, Taurus, Aries, Aquarius ‚ôí 
lo‚Ä¶ https://t.co/yTX3m6tkDn",Wed Oct 14 00:46:01 +0000 2020
@ZodiacHub,"zodiac signs that will do almost anything to get what they want. 

-Taurus 
-Capricorn 
-Scorpio 
-Aries 
-Virgo",Sat Oct 10 03:51:47 +0000 2020
@ZodiacHub,"zodiac signs that are natural born actors.

-Leo
-Cancer
-Gemini 
-Scorpio 
-Taurus",Sun Oct 04 20:11:34 +0000 2020
@ZodiacHub,"Zodiac signs that are the best at lying and finessing. 

-Leo 
-Scorpio 
-Libra 
-Capricorn 
-Gemini",Sun Oct 04 18:10:54 +0000 2020
@ZodiacHub,"zodiac signs that are the most wealthy high to low. 

-Aquarius 
-Taurus 
-Capricorn 
-Leo 
-Scorpio 
-Sagittarius‚Ä¶ https://t.co/S6nAhzftbF",Mon Sep 28 18:08:25 +0000 2020
@ZodiacHub,"Top three underrated zodiac signs 
1. Virgo
2. Virgo
3. Virgo",Tue Sep 08 03:05:33 +0000 2020
@ZodiacHub,"has an attitude for no reason:

‚Ä¢ cancer women
‚Ä¢ LIBRA WOMEN 
‚Ä¢ virgo men
‚Ä¢ gemini men
‚Ä¢ january capricorns
‚Ä¢ aries
‚Ä¢ leo",Tue Sep 08 03:04:44 +0000 2020
@ZodiacHub,"zodiac signs that often cancel plans last minute. 

-#Gemini
-#Virgo
-#Pisces 
-#Cancer 
-#Sagittarius",Sun Sep 06 12:43:58 +0000 2020
@ZodiacHub,SEPTEMBER YOU BETTER COME IN HERE AND ACT LIKE YOU GOT SOME SENSE #VIRGOSZN,Mon Aug 31 03:43:53 +0000 2020
@ZodiacHub,I'm just the messenger. I'm a #pisces too... https://t.co/95XTM6yNac,Sat Aug 22 23:47:16 +0000 2020
@ZodiacHub,what's your zodiac sign ? ‚ôç,Sun Aug 09 15:36:27 +0000 2020
@ZodiacHub,"your morning drink of choice.. 

coffee:
- Aries, Pisces, Gemini, Leo

tea:
- Libra, Cancer, Virgo, Aquarius

diet‚Ä¶ https://t.co/h6Hgd8nXqa",Tue Jul 21 19:36:19 +0000 2020
@ZodiacHub,"take them to meet your parents:
- Pisces
- Cancer
- Libra
- Leo
- Capricorn
- Virgo
- Taurus

probably don't take t‚Ä¶ https://t.co/545Wz0pMf7",Tue Jul 21 04:30:21 +0000 2020
@ZodiacHub,"will get extremely uncomfortable when they aren't living up to their full potential:
- Leo
- Capricorn
- Aries
- Virgo",Wed Jul 08 00:20:16 +0000 2020
@ZodiacHub,"Zodiac signs that overthink everything. 

-Virgo
-Scorpio 
-Gemini 
-Libra 
-Cancer",Wed Jul 08 00:07:55 +0000 2020
@ZodiacHub,"Zodiac signs that have the most trouble sleeping at night. 

-Gemini 
-Virgo
-Aquarius 
-Aries
-Sagittarius",Wed Jul 08 00:07:29 +0000 2020
@ZodiacHub,"Zodiac signs that are natural born comedians.

-Sagittarius 
-Gemini 
-Virgo 
-Leo 
-Cancer",Wed Jul 08 00:07:00 +0000 2020
@ZodiacHub,"Zodiac signs that say they don‚Äôt care and they actually don‚Äôt. 

-Sagittarius 
-Gemini
-Aquarius 
-Capricorn 
-Pisces",Tue Jul 07 23:42:45 +0000 2020
@ZodiacHub,"signs as criminals.. 

Assassins:
- Aries
- Scorpio

Drug Lords:
- Sagittarius 
- Taurus

Con Artists:
- Leo
- Gemi‚Ä¶ https://t.co/RblAhRcxrM",Thu Jun 25 23:50:10 +0000 2020
@ZodiacHub,Pick-Up Lines for each of the Signs https://t.co/2PY3LCJ4G2,Sat May 30 17:14:56 +0000 2020
@ZodiacHub,"Zodiac signs in lockdown. 

Aries-Shows who‚Äôs boss
Taurus-Hides food 
Gemini-Goes outside 
Cancer-Calls family
Leo-‚Ä¶ https://t.co/Ju0K1O7Fb9",Sun May 17 22:13:06 +0000 2020
@ZodiacHub,"your morning drink of choice.. 

coffee:
- Aries, Pisces, Gemini, Leo

tea:
- Libra, Cancer, Virgo, Aquarius

diet‚Ä¶ https://t.co/iDOHe0xlQG",Fri Apr 10 10:09:00 +0000 2020
@ZodiacHub,"Zodiac signs in lockdown. 

Aries-Shows who‚Äôs boss
Taurus-Hides food 
Gemini-Goes outside 
Cancer-Calls family
Leo-‚Ä¶ https://t.co/3KMU0iC0qr",Sat Apr 04 02:40:57 +0000 2020
@ZodiacHub,"the signs pissed off ..

punches a wall:
- Leo 
- Scorpio 
- Aries
- Capricorn
- Taurus 

is so pissed they seem ca‚Ä¶ https://t.co/uDb6RNSePz",Sun Mar 29 22:34:28 +0000 2020
@ZodiacHub,@Ninja And @adidas Set For Another Nite Jogger Collaboration This Summer https://t.co/KUvfjWiIl5,Sun Mar 29 20:58:28 +0000 2020
@ZodiacHub,things the signs hate üò° https://t.co/m3nZlYF5Hg,Wed Mar 25 01:53:34 +0000 2020
@ZodiacHub,"If you're a:

- Leo
- Sagittarius
- ARIES
- Gemini
- Taurus
- SCORPIO

Y'all have the HIGHEST of sex drives. It doe‚Ä¶ https://t.co/Na9b5alu9V",Fri Mar 20 22:31:07 +0000 2020
@ZodiacHub,"signs as szn's:

aries: flex szn
taurus: nap szn
gemini: party szn
cancer: sad bitch szn
leo: self luv szn
virgo: s‚Ä¶ https://t.co/UW4yZ9HrMW",Tue Mar 10 02:42:12 +0000 2020
@ZodiacHub,"what March brings each sign:

aries: reward
taurus: patience
gemini: balance
cancer: drive
leo: re-vitalization
vir‚Ä¶ https://t.co/0FZ737E8Vr",Mon Mar 02 03:52:44 +0000 2020
@ZodiacHub,"what the signs should get paid for.. 

worrying:
- Gemini
- Leo
- Virgo
- Capricorn
- Pisces

thinking too much: 
-‚Ä¶ https://t.co/kI5C4BlrLd",Fri Feb 28 01:01:54 +0000 2020
@ZodiacHub,"the best signs to marry:

- Leo
- Aries
- Taurus
- Sagittarius
- Virgo

they‚Äôre compassionate, loyal as fuck, they‚Ä¶ https://t.co/o8dWTdDA3p",Mon Feb 03 00:41:26 +0000 2020
@ZodiacHub,https://t.co/sQMraWuSqh,Sat Jan 25 03:56:05 +0000 2020
@ZodiacHub,"the signs when insulted.. 

destroys you: 
- Aries
- Gemini
- Scorpio

cries:
- Cancer
- Pisces

laughs:
- Taurus
-‚Ä¶ https://t.co/eQ05AGZ3M7",Fri Jan 24 00:08:56 +0000 2020
@ZodiacHub,"too aggressive for their own good sometimes:

- Aquarius 
- Scorpio
- Leo
- Gemini
- Sagittarius 
- Aries 
- Capricorn",Sun Jan 12 19:29:11 +0000 2020
@ZodiacHub,"Aries= psychos 

Taurus=H0ES

Gemini= the worst ever 

Leo=  never wrong 

Virgo=  gift from god 

Libra= crazy as‚Ä¶ https://t.co/jXUpMRepsK",Sun Dec 15 20:52:27 +0000 2019
@ZodiacHub,"What signs need in 2020

Aries- solace
Taurus- love
Gemini- trust
Cancer- sex
Leo- friendships
Virgo- recognition
L‚Ä¶ https://t.co/1MsrxlHaXR",Wed Dec 11 03:24:33 +0000 2019
@ZodiacHub,Drop your sign ‚ôçÔ∏è AND LIKE/FOLLOW EVERYONE WITH YOUR SIGN‚ôíÔ∏è‚õé‚ôåÔ∏è‚ôëÔ∏è‚ôàÔ∏è‚ôçÔ∏è‚ôâÔ∏è‚ôéÔ∏è‚ôìÔ∏è‚ôäÔ∏è‚ôèÔ∏è‚ôãÔ∏è‚ÄºÔ∏è‚ÄºÔ∏è‚ÄºÔ∏è‚ÄºÔ∏è,Wed Dec 11 03:17:26 +0000 2019
@ZodiacHub,"will get extremely uncomfortable when they aren't living up to their full potential:
- Leo
- Capricorn
- Aries
- Virgo",Sun Dec 08 01:55:33 +0000 2019
@ZodiacHub,"put others first so much they often lose sight of themselves:

- Libra
- Cancer
- Pisces
- Taurus 
- Virgo",Sat Dec 07 03:42:08 +0000 2019
@ZodiacHub,"signs as criminals.. 

Assassins:
- Aries
- Scorpio

Drug Lords:
- Sagittarius 
- Taurus

Con Artists:
- Leo
- Gemi‚Ä¶ https://t.co/OXSLnbXoYl",Sat Dec 07 00:52:30 +0000 2019
@ZodiacHub,"the sign that can put up with your shit..

Aries: Libra
Taurus: Scorpio
Gemini: Sagittarius 
Cancer: Capricorn 
Leo‚Ä¶ https://t.co/IFnbipRIQW",Sat Dec 07 00:21:24 +0000 2019
@ZodiacHub,"ü§© Get Your Personal Zodiac Glass Jar Candle From @Target for $5.59! üïØ 

Perfect for the Holidays! üéÑ‚Ä¶ https://t.co/H6EGG74aCS",Tue Dec 03 05:13:50 +0000 2019
@ZodiacHub,If you're interested in buying these astrology pencils I got them from Whiskey River Soap Co. https://t.co/luKEYG04zu,Sat Nov 30 19:57:13 +0000 2019
@ZodiacHub,ü¶Ñ https://t.co/YkFc1TBz1U,Mon Nov 25 04:42:09 +0000 2019
@ZodiacHub,Drop your sign ‚ôçÔ∏è AND LIKE/FOLLOW EVERYONE WITH YOUR SIGN‚ôíÔ∏è‚õé‚ôåÔ∏è‚ôëÔ∏è‚ôàÔ∏è‚ôçÔ∏è‚ôâÔ∏è‚ôéÔ∏è‚ôìÔ∏è‚ôäÔ∏è‚ôèÔ∏è‚ôãÔ∏è‚ÄºÔ∏è‚ÄºÔ∏è‚ÄºÔ∏è‚ÄºÔ∏è,Sun Nov 17 01:56:24 +0000 2019
@ZodiacHub,"The signs as witches:

Aries: hot witch
Taurus: angry witch
Gemini: indecisive witch
Cancer: soft witch
Leo: always‚Ä¶ https://t.co/0tcVqlrHdt",Sat Oct 19 11:41:58 +0000 2019
@ZodiacHub,Feng Shui Use of Crystal Bowls https://t.co/QfZ1DnvcUN https://t.co/bWXC2kA4P5,Mon Oct 14 00:51:47 +0000 2019
@ZodiacHub,#FengShui Use of Crystal Singing Bowls üßòüèΩ‚Äç‚ôÇÔ∏è‚ú®üíé https://t.co/QfZ1DnvcUN,Sun Oct 13 00:31:36 +0000 2019
@ZodiacHub,üßòüèæ‚Äç‚ôÇÔ∏è‚ú® https://t.co/F7cfLH7SJ0,Sun Oct 13 00:29:58 +0000 2019
@ZodiacHub,Healing is the state of coming into balance and harmony with our highest purpose.,Sat Oct 12 23:35:53 +0000 2019
@ZodiacHub,"got bored and I created this 
Comment ur #Halloween costumeüòÇüòÇ https://t.co/koD0GwRVXy",Sun Oct 06 20:43:45 +0000 2019
@ZodiacHub,baddest bitch award ü•á https://t.co/NUBAoHdJqF,Sun Oct 06 20:42:30 +0000 2019
@ZodiacHub,"The signs as bitches:

Aquarius - angry bitch
Pisces - hungry bitch
Aries - hoe bitch
Taurus - crying bitch
Gemini‚Ä¶ https://t.co/AhVg1rdGIV",Sun Oct 06 19:07:24 +0000 2019
@ZodiacHub,I do this sometimes üíï https://t.co/Tu06CXijhP,Sun Sep 29 01:09:18 +0000 2019
@ZodiacHub,üôèüôèüôè https://t.co/gS5gETouXx,Tue Sep 24 23:28:13 +0000 2019
@ZodiacHub,Checkout these astrology pencils ‚úèÔ∏è https://t.co/Yqn8jWAKDj,Mon Sep 23 00:14:16 +0000 2019
@ZodiacHub,Why the signs are smirking https://t.co/EvGQO7ndOx,Sun Sep 22 02:12:39 +0000 2019
@ZodiacHub,"If you're a:

- Cancer
- Sagittarius
- Aquarius
- Virgo
- Pisces
- Capricorn

You're a BIG ASS crybaby with a heart‚Ä¶ https://t.co/z4jlhc1O1E",Mon Sep 09 06:17:45 +0000 2019
@ZodiacHub,SEPTEMBER PLEASE BE GOOD TO ME https://t.co/6l17L7CjYa,Sun Sep 01 17:17:39 +0000 2019
@ZodiacHub,This helps explain why I have such a strong desire to travel &amp; explore the world üåéüåÖ https://t.co/ZWZeDTyjmJ,Sun Sep 01 06:55:15 +0000 2019
@ZodiacHub,Way too accurate üéß https://t.co/wuuABdslo6,Sat Aug 31 01:13:47 +0000 2019
@ZodiacHub,The signs pursuing you https://t.co/TzVLaKlAKE,Sun Aug 25 23:28:44 +0000 2019
@ZodiacHub,"what the signs need:

aries - sleep
taurus - $$$$$
gemini -bf/gf
cancer - a hug and kiss
leo - weed
virgo -stop tal‚Ä¶ https://t.co/GG9CvOIKFJ",Wed Aug 07 00:36:29 +0000 2019
@ZodiacHub,"Today is August 3rd

If you use your student email you get @amazon student prime FREE for the whole semester..! 

U‚Ä¶ https://t.co/MQpjBqLPAr",Sat Aug 03 15:07:52 +0000 2019
@ZodiacHub,"If you‚Äôre a 

Leo ‚ôåÔ∏è 
Sagittarius ‚ôêÔ∏è 
Aries ‚ôàÔ∏è 
Gemini ‚ôäÔ∏è 
Scorpio ‚ôèÔ∏è
Aries‚ôàÔ∏è
Taurus‚ôâÔ∏è
Pisces‚ôìÔ∏è
Capricorn‚ôëÔ∏è
Aquariu‚Ä¶ https://t.co/FPXgMrEqZk",Thu Aug 01 01:24:32 +0000 2019
@ZodiacHub,how to attract the signs https://t.co/MOmxLxshLY,Mon Jul 29 09:49:04 +0000 2019
@ZodiacHub,"üëÄ I'll go first üëáüëá 

Ya dig?! üòÇü§î https://t.co/AFsq8fNJmZ",Sat Jul 20 23:57:51 +0000 2019
@ZodiacHub,Why the signs are great! https://t.co/xXI6lrZRt5,Thu Jul 18 03:06:03 +0000 2019
@ZodiacHub,the aliens I helped escape from #area51 throwing me off their ship after I start asking them about their zodiac sig‚Ä¶ https://t.co/7Q2Ph5evZE,Sun Jul 14 22:00:38 +0000 2019
@ZodiacHub,"zodiac power couples
aries x scorpio 
taurus x aquarius 
gemini x aries
cancer x libra
leo x sagittarius 
virgo x t‚Ä¶ https://t.co/40fEnernpF",Thu Jul 11 00:46:55 +0000 2019
@ZodiacLife,The latest The Celebrity Libra Dish Daily! https://t.co/vXjguUDuUq Thanks to @TheRevAl,Sat Nov 07 17:14:50 +0000 2020
@ZodiacLife,The latest The Celebrity Virgo Dish Daily! https://t.co/W4upc1LqQJ Thanks to @rosemcgowan,Sat Nov 07 15:13:07 +0000 2020
@ZodiacLife,The latest The Celebrity Cancer Dish Daily! https://t.co/4aLGkQbIj8,Sat Nov 07 11:42:46 +0000 2020
@ZodiacLife,The latest The Celebrity Gemini Dish Daily! https://t.co/iXgGW8IXii,Sat Nov 07 09:09:33 +0000 2020
@ZodiacLife,The latest The Celebrity Aquarius Dish Daily! https://t.co/eEVSDNmwX7 Thanks to @glennbeck,Sat Nov 07 01:33:24 +0000 2020
@ZodiacLife,The latest The Celebrity Capricorn Daily! https://t.co/7W2cArAP6R #sharpiegate #electionresults2020,Fri Nov 06 23:21:24 +0000 2020
@ZodiacLife,The latest The Celebrity Sagittarius Daily! https://t.co/vAxSFvJSxL Thanks to @clayaiken @iamjojo,Fri Nov 06 21:19:27 +0000 2020
@ZodiacLife,The latest The Celebrity Scorpio Dish Daily! https://t.co/onCKahc56J #trumpcult,Fri Nov 06 19:16:14 +0000 2020
@ZodiacLife,The latest The Celebrity Virgo Dish Daily! https://t.co/Ayj7P9D2eM #foxnews #hypocrisy,Fri Nov 06 15:13:05 +0000 2020
@ZodiacLife,The latest The Celebrity Cancer Dish Daily! https://t.co/a8BdDTVTgM,Fri Nov 06 11:42:46 +0000 2020
@ZodiacLife,The latest The Celebrity Gemini Dish Daily! https://t.co/CLGw2wyaks #healthinsurance #medicare,Fri Nov 06 09:09:34 +0000 2020
@ZodiacLife,The latest The Celebrity Aries Dish Daily! https://t.co/JN82QJcpGy,Fri Nov 06 05:05:53 +0000 2020
@ZodiacLife,The latest The Celebrity Aquarius Dish Daily! https://t.co/E1Ug5xtalP Thanks to @ChloeGMoretz,Fri Nov 06 01:33:22 +0000 2020
@ZodiacLife,The latest The Celebrity Capricorn Daily! https://t.co/zrj9MFi0mX Thanks to @TheRealStanLee #tbt #stanlee,Thu Nov 05 23:21:24 +0000 2020
@ZodiacLife,The latest The Celebrity Sagittarius Daily! https://t.co/4ag4O3R4t4 #counteveryvote,Thu Nov 05 21:20:02 +0000 2020
@ZodiacLife,The latest The Celebrity Scorpio Dish Daily! https://t.co/zqeyf8U5TN,Thu Nov 05 19:16:15 +0000 2020
@ZodiacLife,The latest The Celebrity Libra Dish Daily! https://t.co/qqA9VzjQRV,Thu Nov 05 17:14:52 +0000 2020
@ZodiacLife,The latest The Celebrity Virgo Dish Daily! https://t.co/8yaONXfX1m Thanks to @GovMikeHuckabee,Thu Nov 05 15:13:05 +0000 2020
@ZodiacLife,The latest The Celebrity Cancer Dish Daily! https://t.co/4KzDlA2uGe,Thu Nov 05 11:42:46 +0000 2020
@ZodiacLife,The latest The Celebrity Aries Dish Daily! https://t.co/DRUm0XBFWT,Thu Nov 05 05:05:57 +0000 2020
@ZodiacLife,The latest The Celebrity Aquarius Dish Daily! https://t.co/zrw2qcd5by Thanks to @driverminnie #vote2020,Thu Nov 05 01:33:21 +0000 2020
@ZodiacLife,The latest The Celebrity Capricorn Daily! https://t.co/kko1nZNZJK #joebiden #arizona,Wed Nov 04 23:21:23 +0000 2020
@ZodiacLife,The latest The Celebrity Sagittarius Daily! https://t.co/R86mxf4Vvy Thanks to @clayaiken,Wed Nov 04 21:19:26 +0000 2020
@ZodiacLife,The latest The Celebrity Scorpio Dish Daily! https://t.co/XwbmnSVCGr Thanks to @Bootsy_Collins,Wed Nov 04 19:16:10 +0000 2020
@ZodiacLife,The latest The Celebrity Virgo Dish Daily! https://t.co/wuEAFZEGbw,Wed Nov 04 15:13:47 +0000 2020
@ZodiacLife,The latest The Celebrity Cancer Dish Daily! https://t.co/Nx428IJPkf,Wed Nov 04 11:42:46 +0000 2020
@ZodiacLife,The latest The Celebrity Gemini Dish Daily! https://t.co/PTUrZgvdqF #covid19,Wed Nov 04 09:09:35 +0000 2020
@ZodiacLife,The latest The Celebrity Taurus Dish Daily! https://t.co/uNDkRf83jD Thanks to @actorbrianwhite #smartnews,Wed Nov 04 07:08:23 +0000 2020
@ZodiacLife,The latest The Celebrity Capricorn Daily! https://t.co/tTwUEQB9ZC #election #kcm,Tue Nov 03 23:21:24 +0000 2020
@ZodiacLife,The latest The Celebrity Sagittarius Daily! https://t.co/h3RWsiI4pC,Tue Nov 03 21:19:26 +0000 2020
@ZodiacLife,The latest The Celebrity Scorpio Dish Daily! https://t.co/XIb4PyvFai Thanks to @DaisyFuentes #election2020,Tue Nov 03 19:16:32 +0000 2020
@ZodiacLife,The latest The Celebrity Libra Dish Daily! https://t.co/GF1nPXa6iM #letsbeatbreastcancer #thekindlife,Tue Nov 03 17:14:52 +0000 2020
@ZodiacLife,The latest The Celebrity Virgo Dish Daily! https://t.co/10vek1ofZh,Tue Nov 03 15:13:07 +0000 2020
@ZodiacLife,The latest The Celebrity Cancer Dish Daily! https://t.co/cnZvO3LPG8,Tue Nov 03 11:42:48 +0000 2020
@ZodiacLife,The latest The Celebrity Aries Dish Daily! https://t.co/BaoRlsoK6p,Tue Nov 03 05:05:51 +0000 2020
@ZodiacLife,The latest The Celebrity Pisces Dish Daily! https://t.co/iq36xs9CBs,Tue Nov 03 03:34:07 +0000 2020
@ZodiacLife,The latest The Celebrity Aquarius Dish Daily! https://t.co/nvLjC2pcop,Tue Nov 03 01:33:22 +0000 2020
@ZodiacLife,The latest The Celebrity Capricorn Daily! https://t.co/CCXoxIvUfT,Mon Nov 02 23:21:24 +0000 2020
@ZodiacLife,The latest The Celebrity Sagittarius Daily! https://t.co/IxmYYgaV6d #countryoverparty,Mon Nov 02 21:19:29 +0000 2020
@ZodiacLife,The latest The Celebrity Scorpio Dish Daily! https://t.co/dRX4PlLyjH,Mon Nov 02 19:16:12 +0000 2020
@ZodiacLife,The latest The Celebrity Libra Dish Daily! https://t.co/rkEV25PVPX,Mon Nov 02 17:14:51 +0000 2020
@ZodiacLife,The latest The Celebrity Virgo Dish Daily! https://t.co/FwMbHXHibv,Mon Nov 02 15:13:05 +0000 2020
@ZodiacLife,The latest The Celebrity Leo Dish Daily! https://t.co/6LagIPdTXu #hocuspocus,Mon Nov 02 13:10:45 +0000 2020
@ZodiacLife,The latest The Celebrity Cancer Dish Daily! https://t.co/pKdHSVQK8S Thanks to @johncusack,Mon Nov 02 11:42:46 +0000 2020
@ZodiacLife,The latest The Celebrity Aries Dish Daily! https://t.co/zsYdemV7DL Thanks to @claudiajordan,Mon Nov 02 05:06:13 +0000 2020
@ZodiacLife,The latest The Celebrity Aquarius Dish Daily! https://t.co/zbSmtMBhiY,Mon Nov 02 01:33:21 +0000 2020
@ZodiacLife,The latest The Celebrity Capricorn Daily! https://t.co/sU9xjoI8Vx Thanks to @katiecouric,Sun Nov 01 23:21:55 +0000 2020
@ZodiacLife,The latest The Celebrity Sagittarius Daily! https://t.co/466ehOIxCi Thanks to @Janefonda,Sun Nov 01 21:19:25 +0000 2020
@ZodiacLife,The latest The Celebrity Scorpio Dish Daily! https://t.co/LL6MQEmhUE #latinos #blacks,Sun Nov 01 19:16:11 +0000 2020
@ZodiacLife,The latest The Celebrity Libra Dish Daily! https://t.co/w8Girv0YYa Thanks to @AliciaSilv #thekindlife,Sun Nov 01 17:14:52 +0000 2020
@ZodiacLife,The latest The Celebrity Virgo Dish Daily! https://t.co/Jgv5mN8jFo #newsmax,Sun Nov 01 15:13:04 +0000 2020
@ZodiacLife,The latest The Celebrity Cancer Dish Daily! https://t.co/O5kQaRfLK9,Sun Nov 01 11:42:45 +0000 2020
@ZodiacLife,The latest The Celebrity Gemini Dish Daily! https://t.co/aS0w4hzqpK,Sun Nov 01 09:09:30 +0000 2020
@ZodiacLife,The latest The Celebrity Aries Dish Daily! https://t.co/UwRSJ61PMj,Sun Nov 01 05:05:50 +0000 2020
@ZodiacLife,The latest The Celebrity Aquarius Dish Daily! https://t.co/CVE5hIDxkO,Sun Nov 01 01:33:21 +0000 2020
@ZodiacLife,The latest The Celebrity Capricorn Daily! https://t.co/uBlFzgiG17 #dollyparton,Sat Oct 31 23:21:24 +0000 2020
@ZodiacLife,The latest The Celebrity Sagittarius Daily! https://t.co/zf7VT4dmFw Thanks to @BetteMidler,Sat Oct 31 21:20:10 +0000 2020
@ZodiacLife,The latest The Celebrity Scorpio Dish Daily! https://t.co/QBZXnPNIun Thanks to @DaisyFuentes #bidenharrislandslide2020,Sat Oct 31 19:16:15 +0000 2020
@ZodiacLife,The latest The Celebrity Libra Dish Daily! https://t.co/Xg1OrqrnnT #thekindlife,Sat Oct 31 17:14:52 +0000 2020
@ZodiacLife,The latest The Celebrity Virgo Dish Daily! https://t.co/54UEpHYyLB,Sat Oct 31 15:13:02 +0000 2020
@ZodiacLife,The latest The Celebrity Cancer Dish Daily! https://t.co/RB8FK03Vaf Thanks to @johncusack,Sat Oct 31 11:42:46 +0000 2020
@ZodiacLife,The latest The Celebrity Gemini Dish Daily! https://t.co/Nuxwtzu9u9,Sat Oct 31 09:09:29 +0000 2020
@ZodiacLife,The latest The Celebrity Aries Dish Daily! https://t.co/ZD4FOi5IEX Thanks to @claudiajordan,Sat Oct 31 05:05:50 +0000 2020
@ZodiacLife,The latest The Celebrity Aquarius Dish Daily! https://t.co/nWKFKvXw57 Thanks to @4everBrandy @TheRealBuzz,Sat Oct 31 01:33:21 +0000 2020
@ZodiacLife,The latest The Celebrity Capricorn Daily! https://t.co/DHVx6b71wQ Thanks to @JaredLeto,Fri Oct 30 23:21:23 +0000 2020
@ZodiacLife,The latest The Celebrity Sagittarius Daily! https://t.co/3JgmJzn0Rj Thanks to @JohnKerry @amygrant @lalahhathaway #vote #covid19,Fri Oct 30 21:19:28 +0000 2020
@ZodiacLife,The latest The Celebrity Scorpio Dish Daily! https://t.co/j7aQpv6uSA,Fri Oct 30 19:16:14 +0000 2020
@ZodiacLife,The latest The Celebrity Libra Dish Daily! https://t.co/KwRvQ9LdFt Thanks to @AliciaSilv @katewalsh #thekinddiet,Fri Oct 30 17:14:49 +0000 2020
@ZodiacLife,The latest The Celebrity Leo Dish Daily! https://t.co/AqWMVLdxq2 #everyvotecounts,Fri Oct 30 13:10:48 +0000 2020
@ZodiacLife,The latest The Celebrity Cancer Dish Daily! https://t.co/AlplWLF3Z7,Fri Oct 30 11:42:47 +0000 2020
@ZodiacLife,The latest The Celebrity Gemini Dish Daily! https://t.co/gsofs8mpqK #psoriasischat #worldpsoriasisday,Fri Oct 30 09:09:33 +0000 2020
@ZodiacLife,The latest The Celebrity Aries Dish Daily! https://t.co/zp4izVzVQG Thanks to @russellcrowe,Fri Oct 30 05:05:57 +0000 2020
@ZodiacLife,The latest The Celebrity Pisces Dish Daily! https://t.co/Mwg3kSn7kR Thanks to @chelseahandler,Fri Oct 30 03:34:09 +0000 2020
@ZodiacLife,The latest The Celebrity Aquarius Dish Daily! https://t.co/jCjIiGrBGe Thanks to @glennbeck,Fri Oct 30 01:33:21 +0000 2020
@ZodiacLife,The latest The Celebrity Capricorn Daily! https://t.co/wpMNyEFxKr Thanks to @elizadushku #hope #dream,Thu Oct 29 23:21:23 +0000 2020
@ZodiacLife,The latest The Celebrity Sagittarius Daily! https://t.co/gdtRL3EVXD #abortion #westvirginia,Thu Oct 29 21:19:28 +0000 2020
@ZodiacLife,The latest The Celebrity Scorpio Dish Daily! https://t.co/JqxzVkamYz Thanks to @IvankaTrump #wgdp,Thu Oct 29 19:16:16 +0000 2020
@ZodiacLife,The latest The Celebrity Virgo Dish Daily! https://t.co/3eRaW46bUV,Thu Oct 29 15:13:04 +0000 2020
@ZodiacLife,The latest The Celebrity Leo Dish Daily! https://t.co/gXkdoFMmxt Thanks to @CharlizeAfrica,Thu Oct 29 13:10:47 +0000 2020
@ZodiacLife,The latest The Celebrity Cancer Dish Daily! https://t.co/1jJzG9Zchu Thanks to @pamfoundation @johncusack #ridinwithbidenharris #mepolitics,Thu Oct 29 11:42:46 +0000 2020
@ZodiacLife,The latest The Celebrity Gemini Dish Daily! https://t.co/F5ube4XD3f,Thu Oct 29 09:09:29 +0000 2020
@ZodiacLife,The latest The Celebrity Pisces Dish Daily! https://t.co/pOHsonHMP7 Thanks to @RealRonHoward @GarySinise #vote #demcastme,Thu Oct 29 03:34:08 +0000 2020
@ZodiacLife,The latest The Celebrity Aquarius Dish Daily! https://t.co/CAYeplCTIO Thanks to @aplusk #vote2020,Thu Oct 29 01:33:21 +0000 2020
@ZodiacLife,The latest The Celebrity Capricorn Daily! https://t.co/fvbMOhVv8k Thanks to @katiecouric #electionday,Wed Oct 28 23:21:25 +0000 2020
@ZodiacLife,The latest The Celebrity Sagittarius Daily! https://t.co/YSuwCqkhmE #electionday,Wed Oct 28 21:19:29 +0000 2020
@ZodiacLife,The latest The Celebrity Scorpio Dish Daily! https://t.co/e38mTzktTC,Wed Oct 28 19:16:13 +0000 2020
@ZodiacLife,The latest The Celebrity Libra Dish Daily! https://t.co/FwaHOp7Waf #marcellisstinnette,Wed Oct 28 17:14:52 +0000 2020
@ZodiacLife,The latest The Celebrity Virgo Dish Daily! https://t.co/knv7JMO5I8,Wed Oct 28 15:13:03 +0000 2020
@ZodiacLife,The latest The Celebrity Leo Dish Daily! https://t.co/7Abq8DbOuZ Thanks to @tomgreenlive,Wed Oct 28 13:11:00 +0000 2020
@ZodiacLife,The latest The Celebrity Cancer Dish Daily! https://t.co/j7YKVNWKsn #impeachkavanaugh #illegitimatescotus,Wed Oct 28 11:42:47 +0000 2020
@ZodiacLife,The latest The Celebrity Gemini Dish Daily! https://t.co/xbPBRjIBBx,Wed Oct 28 09:09:30 +0000 2020
@ZodiacLife,The latest The Celebrity Taurus Dish Daily! https://t.co/mnMonSZtA2 Thanks to @actorbrianwhite #food4thought #vote,Wed Oct 28 07:08:24 +0000 2020
@ZodiacLife,The latest The Celebrity Aquarius Dish Daily! https://t.co/6NZh1NVijH Thanks to @SherylCrow,Wed Oct 28 01:33:21 +0000 2020
@ZodiacLife,The latest The Celebrity Capricorn Daily! https://t.co/tOjKOzZJVF #avaduvernay,Tue Oct 27 23:21:25 +0000 2020
@ZodiacLife,The latest The Celebrity Sagittarius Daily! https://t.co/FohGAdZcrC #electionweek,Tue Oct 27 21:19:28 +0000 2020
@ZodiacLife,The latest The Celebrity Libra Dish Daily! https://t.co/tDxgk3B0Kk Thanks to @ksorbs #hiltonprize #tafarawilliams,Tue Oct 27 17:14:52 +0000 2020
@ZodiacLife,The latest The Celebrity Virgo Dish Daily! https://t.co/mws646cpbT Thanks to @GovMikeHuckabee,Tue Oct 27 15:13:09 +0000 2020
@ZodiacLife,The latest The Celebrity Cancer Dish Daily! https://t.co/ErDkP8czJp #disinformation #latinxvote,Tue Oct 27 11:42:46 +0000 2020
@ZodiacLife,The latest The Celebrity Gemini Dish Daily! https://t.co/Svpdt8FFAl Thanks to @_MAXWELL_,Tue Oct 27 09:09:30 +0000 2020
@ZodiacLife,The latest The Celebrity Pisces Dish Daily! https://t.co/f2nUpPe5QX Thanks to @chelseahandler #mycivicduty,Tue Oct 27 03:34:08 +0000 2020
@ZodiacKilla69,"5u MAX play starts in an hour... CANT WAIT!!! 

2-0 +10u start to VIP üí∞

5u MAX YTD: 58-39 60% +65.25uüí∞

Dont miss‚Ä¶ https://t.co/T76wbT4LE9",Sat Nov 07 15:59:21 +0000 2020
@ZodiacKilla69,"Got another 5u MAX play I already sent to my guys for tomorrow morning, 9am time slot. Shoot me a DM if you need a‚Ä¶ https://t.co/wjDFSO9aHB",Sat Nov 07 05:43:04 +0000 2020
@ZodiacKilla69,"BOOOOOOOOMMMMMMM!!!üî•üî•üî•

5uüèà MAX BYU -2.5 üí∞üí∞üí∞

Calling this one now, ITS A ROUT!!Never in doubt no sweat winner, lov‚Ä¶ https://t.co/ZfsU11Lmb3",Sat Nov 07 05:35:00 +0000 2020
@ZodiacKilla69,"Congrats to everyone who joined me for yesterday‚Äôs MAX play winner üî•

For those who missed out, I got good news.. I‚Ä¶ https://t.co/V0sTh4PuY1",Thu Nov 05 19:26:13 +0000 2020
@ZodiacKilla69,"BOOOOOOMMMMM!!!!!üî•üî•üî•

Today‚Äôs recap:

1-0 +5uüí∞

5uüèà MAX 7pt teaser (-120)üí∞
‚Ä¢Buffalo -6.5 üí∞
‚Ä¢Ball State +8.5 üí∞

CLV‚Ä¶ https://t.co/tCfQOqnDny",Thu Nov 05 03:44:41 +0000 2020
@ZodiacKilla69,"RT @ZodiacKilla69: Alright fellas here we go one of the best times of the year.... #MACtion üî•üî•üî•

I got a 5u MAX play on today‚Äôs slate, one‚Ä¶",Wed Nov 04 22:23:25 +0000 2020
@ZodiacKilla69,"Alright fellas here we go one of the best times of the year.... #MACtion üî•üî•üî•

I got a 5u MAX play on today‚Äôs slate,‚Ä¶ https://t.co/5wpl2qj0ao",Wed Nov 04 17:12:47 +0000 2020
@ZodiacKilla69,"Given all the craziness and unnecessary stress going on around the country today, decided to take the 4 hour drive‚Ä¶ https://t.co/xPhIzpjPY1",Tue Nov 03 20:05:51 +0000 2020
@ZodiacKilla69,"RT @ZodiacKilla69: Alright fellas, I‚Äôve been asked to do this for a long time... $25 random VIP daily cards are no more, instead I‚Äôll be of‚Ä¶",Mon Nov 02 23:17:23 +0000 2020
@ZodiacKilla69,"Personally, I feel this is the perfect timing to do this. Coming off one my colder weeks/weekends of my career, jus‚Ä¶ https://t.co/L9nh7T9l4K",Mon Nov 02 20:01:10 +0000 2020
@ZodiacKilla69,"Alright fellas, I‚Äôve been asked to do this for a long time... $25 random VIP daily cards are no more, instead I‚Äôll‚Ä¶ https://t.co/FgPjEVfgZO",Mon Nov 02 19:57:49 +0000 2020
@ZodiacKilla69,"Some CRAZY results in the NFL so far and the 1pm games aren‚Äôt even over.... 

Bengals +275 üí∞
Raiders +110 üí∞
Dolphin‚Ä¶ https://t.co/EAxK1j65ch",Sun Nov 01 22:35:56 +0000 2020
@ZodiacKilla69,"Browns ML (-115)‚úñÔ∏è

Steelers +11üí∞/Titans pk‚úñÔ∏è 7pt Teaser (-140)

Ends what was one of my colder weeks/weekend of my‚Ä¶ https://t.co/60K8nyIYB1",Sun Nov 01 22:30:57 +0000 2020
@ZodiacKilla69,Make that 3 TOs in the 1Q..... the bad luck is unreal right now,Sun Nov 01 18:24:32 +0000 2020
@ZodiacKilla69,We‚Äôve had 2 TOs in the red zone already and we‚Äôre not even done with the 1Q yet... let‚Äôs hope that turns üôÉ,Sun Nov 01 18:22:07 +0000 2020
@ZodiacKilla69,"RT @ZodiacKilla69: Todays NFL card:

5uüèà MAX Browns ML (-115)

5uüèà MAX 7pt Teaser (-140)
‚Ä¢Steelers +11
‚Ä¢Titans pk

MONSTER day today, had a‚Ä¶",Sun Nov 01 17:15:01 +0000 2020
@ZodiacKilla69,"Todays NFL card:

5uüèà MAX Browns ML (-115)

5uüèà MAX 7pt Teaser (-140)
‚Ä¢Steelers +11
‚Ä¢Titans pk

MONSTER day today,‚Ä¶ https://t.co/Gs0A0VJvwA",Sun Nov 01 15:14:51 +0000 2020
@ZodiacKilla69,"Awful bad beat on Notre Dame -20.5, been on the wrong end of a couple of those lately. Anybody who bets on sports k‚Ä¶ https://t.co/lPDrJQoQEN",Sat Oct 31 23:17:40 +0000 2020
@ZodiacKilla69,"Notre Dame gives up the backdoor TD with 7 minutes left to play, then drive all the way down and get stopped on the‚Ä¶ https://t.co/wmhNW1f9kl",Sat Oct 31 22:59:24 +0000 2020
@ZodiacKilla69,"Today‚Äôs NCAAF card: 

5uüèà MAX Notre Dame -20.5 (-110)

First NCAAF 5u MAX play of the year, told y‚Äôall I was going‚Ä¶ https://t.co/5c7U6qyFvw",Sat Oct 31 14:17:01 +0000 2020
@ZodiacKilla69,Then you watch a team like Tulsa laying 17.... they aren‚Äôt even going to win this game let alone cover 17!!! Some o‚Ä¶ https://t.co/JT44FdFTj7,Sat Oct 31 02:34:18 +0000 2020
@ZodiacKilla69,"No action on the game but.. Take notes of this awful Minnesota defense, might be the worst in the country. Getting‚Ä¶ https://t.co/IRCoX03yns",Sat Oct 31 00:36:06 +0000 2020
@ZodiacKilla69,"I leaned Carolina pregame. Decided it was too close to call, too much variance. 1st half was a blowout if not for f‚Ä¶ https://t.co/E77jhlm1W9",Fri Oct 30 03:29:29 +0000 2020
@ZodiacKilla69,This was a game you wait and see what your eyeballs tell you. We saw Atlanta score on every drive in the 1st half o‚Ä¶ https://t.co/P5WTQzYwek,Fri Oct 30 03:27:30 +0000 2020
@ZodiacKilla69,These 5u plays are VIP worthy plays. Many have asked me to run a VIP service (monthly or weekly) rather than a 1 da‚Ä¶ https://t.co/rlaxSFdu5n,Wed Oct 28 01:07:44 +0000 2020
@ZodiacKilla69,"Given my recent cold streak I‚Äôve been reflecting on my numbers, my 5u MAX plays are the best in the business and co‚Ä¶ https://t.co/VfAQt0JkXQ",Wed Oct 28 01:04:18 +0000 2020
@ZodiacKilla69,I‚Äôm physically sick after how that game just ended...... they pull the goalie and literally at the last second run‚Ä¶ https://t.co/bGOGhLR0J8,Mon Oct 26 21:24:20 +0000 2020
@ZodiacKilla69,"Got into soccer handicapping once the major American sports were shut down due to covid, quickly discovered it was‚Ä¶ https://t.co/R6hLkxz8PT",Mon Oct 26 17:53:19 +0000 2020
@ZodiacKilla69,"Today‚Äôs soccer card: 

(German Bundesliga üá©üá™) 

1u‚öΩÔ∏è Bayer Leverkusen/Ausburg u3 (-130)

Every soccer play this yea‚Ä¶ https://t.co/2wbTfV0aFB",Mon Oct 26 17:51:47 +0000 2020
@ZodiacKilla69,I‚Äôm a little confused... I was told when I moved to Vegas I wouldn‚Äôt need my winter clothes anymore????ü•∂‚ùÑÔ∏è https://t.co/qhQjUVq8XW,Mon Oct 26 15:52:58 +0000 2020
@ZodiacKilla69,@JDBonga Ever heard of a reverse jinx???ü§£ check my post guy,Mon Oct 26 04:17:17 +0000 2020
@ZodiacKilla69,I feel a little dirty for this.... may have had some personal money involved on Arizona üòÖüí∞ #ReverseJinx,Mon Oct 26 04:14:42 +0000 2020
@ZodiacKilla69,The fact everyone knows this game is over because the Seahawks won the coin toss just tells you the greatness of Ru‚Ä¶ https://t.co/GkI03gvtSG,Mon Oct 26 03:51:06 +0000 2020
@ZodiacKilla69,Show this play in every high school/college lockeroom in the country. Never give up on the play.... this 100 yard s‚Ä¶ https://t.co/YnHJ9VoUoB,Mon Oct 26 01:30:36 +0000 2020
@ZodiacKilla69,"3uüèà Panthers +14/Steelers +8.5 7pt teaser üí∞üí∞üí∞

About as easy as it gets, much needed 3u winner üôåüèº

Pats -2.5 pendin‚Ä¶ https://t.co/Orws9oBopZ",Sun Oct 25 20:17:45 +0000 2020
@ZodiacKilla69,"Today‚Äôs NFL card:

3uüèà Patriots -2.5 (-125)

3uüèà 7pt Teaser (-140)
‚Ä¢Panthers +14
‚Ä¢Steelers +8.5

Buy low spot with‚Ä¶ https://t.co/8RpTo1FXod",Sun Oct 25 16:15:27 +0000 2020
@ZodiacKilla69,"1-3-1 here. ‚úñÔ∏è

Cold, bad, unlucky. That‚Äôs how you describe my week of betting this week. Just can‚Äôt catch a break.‚Ä¶ https://t.co/x86KOZxWt5",Sun Oct 25 03:32:10 +0000 2020
@ZodiacKilla69,"Today‚Äôs NCAAF card:

3uüèà Oklahoma St -3 (-110)

3uüèà Baylor +10.5 (-110)

3uüèà Iowa -3 (-120)

3uüèà Boston College -3‚Ä¶ https://t.co/taoaQuDhii",Sat Oct 24 15:26:36 +0000 2020
@ZodiacKilla69,"L here, -3.6u. ‚úñÔ∏è

Cold as cold gets fellas, not gonna hide from it. Been a tough week. Everyone goes through it, j‚Ä¶ https://t.co/iAB8GqhEOa",Fri Oct 23 03:07:08 +0000 2020
@ZodiacKilla69,"Seriously, WTF is Arkansas State doing??? I‚Äôve never seen so many mistakes in a single half of football before... r‚Ä¶ https://t.co/ShXILbCvYG",Fri Oct 23 00:51:18 +0000 2020
@ZodiacKilla69,Handicapping games and doing all the research is very time consuming. In order to win long term that‚Äôs what it take‚Ä¶ https://t.co/wpRehvK1d6,Thu Oct 22 15:27:22 +0000 2020
@ZodiacKilla69,"Today‚Äôs NCAAF card: 

3uüèà Arkansas State +14.5 (-120)

This number was steamed from 10 all the way to where I can n‚Ä¶ https://t.co/jfs0EgcLYq",Thu Oct 22 15:24:03 +0000 2020
@ZodiacKilla69,"BOOOOOMMM!!!!üî•

3uüèà Chiefs -5.5 üí∞üí∞üí∞

Great start to the day, need Cowboys for the sweep... let‚Äôs finish üí™üèº https://t.co/hAtISkx3IK",Mon Oct 19 23:59:15 +0000 2020
@ZodiacKilla69,"RT @ZodiacKilla69: Today‚Äôs NFL card: 

3uüèà Chiefs -5.5 (-110)

3uüèà Cowboys ML (-115)

1.5uüèà 2 Team parlay (+165)
‚Ä¢Chiefs ML
‚Ä¢Cowboys ML

To‚Ä¶",Mon Oct 19 19:20:12 +0000 2020
@ZodiacKilla69,"Today‚Äôs NFL card: 

3uüèà Chiefs -5.5 (-110)

3uüèà Cowboys ML (-115)

1.5uüèà 2 Team parlay (+165)
‚Ä¢Chiefs ML
‚Ä¢Cowboys M‚Ä¶ https://t.co/suEIGhSZUc",Mon Oct 19 15:16:42 +0000 2020
@ZodiacKilla69,"0-2 here. Ravens blowing that cover really set the tone, Packers up 10-0 then throw BTB pick 6s... just a brutal da‚Ä¶ https://t.co/nPgMcaufob",Sun Oct 18 22:04:09 +0000 2020
@ZodiacKilla69,"Another day, another game getting fucked by the refs in a billion dollar league on a 50 yard BS pass interference c‚Ä¶ https://t.co/Q9gIw0Zm9e",Sun Oct 18 20:34:02 +0000 2020
@ZodiacKilla69,"Sunday‚Äôs NFL card: 

3uüèà Packers -1 (-110)

3uüèà 7pt Teaser (-140)
‚Ä¢Ravens -2.5
‚Ä¢Dolphins -2 

All lines available a‚Ä¶ https://t.co/ImDKd0lSNY",Sun Oct 18 05:13:08 +0000 2020
@ZodiacKilla69,"Hey fellas, I aplogize for not posting any NCAAF plays today. I had a borderline emergency with the fam that needed‚Ä¶ https://t.co/ImBN8Krfvr",Sat Oct 17 21:56:45 +0000 2020
@ZodiacKilla69,"L here, -3.3u.‚úñÔ∏è

Regardless of some very ‚Äúlucky‚Äù special teams plays, 3rd and 39 conversions, missed FGs etc... Tu‚Ä¶ https://t.co/YJQw97Ao7M",Sat Oct 17 01:53:06 +0000 2020
@ZodiacKilla69,"SMU just not ready to play today, will be shocked if they even win this game SU let alone cover.

3rd and 39 and yo‚Ä¶ https://t.co/8TSQF0R4Ei",Sat Oct 17 00:58:50 +0000 2020
@ZodiacKilla69,Naturally SMU forces a 3 and out on the opening possession only to muff the punt leading to a Tulane TD.... this Tu‚Ä¶ https://t.co/O3oYNJUQNI,Fri Oct 16 22:13:19 +0000 2020
@ZodiacKilla69,"Today‚Äôs NCAAF card: 

3uüèà SMU -6.5 (-110)

Full write up below, did a lot of digging per usual but wanted to give a‚Ä¶ https://t.co/27wMH5bvyg",Fri Oct 16 19:27:41 +0000 2020
@ZodiacKilla69,"@DailyPayoutBook Honestly what sets you apart from most is actually having the capital on your own to be a book, no‚Ä¶ https://t.co/5SnsFpyAB6",Thu Oct 15 02:02:21 +0000 2020
@ZodiacKilla69,"@CommunityPicks Appreciate it bro, same for you. Love what you do on here, feel free to shoot me a DM and shoot the shit anytime üëäüèº",Mon Oct 12 20:59:54 +0000 2020
@ZodiacKilla69,@DaveLA_ITN Margot is ballin my god!!!üôåüèº,Mon Oct 12 20:44:04 +0000 2020
@ZodiacKilla69,"@CommunityPicks Baseball gods never forget everyone knows that üòâ

The move was really good, really enjoying Vegas s‚Ä¶ https://t.co/MWOxgYDgFA",Mon Oct 12 20:39:09 +0000 2020
@ZodiacKilla69,@CommunityPicks Just hate to see Altuve throw a lazy ball to 1B and an even lazier effort by Gurriel to pick the ba‚Ä¶ https://t.co/Qa6Y3dE8tq,Mon Oct 12 20:34:48 +0000 2020
@ZodiacKilla69,"RT @ZodiacKilla69: Great üèà weekend for me. 2-1 +$2,400 on posted plays, also pocketed $4,000 on these 2 parlays I didn‚Äôt post... 

That‚Äôs w‚Ä¶",Mon Oct 12 16:30:01 +0000 2020
@ZodiacKilla69,"Also shoutout to Zimmer for giving the best clutch player of all time, Wilson, the ball back with a chance to win i‚Ä¶ https://t.co/nkaCPLXgye",Mon Oct 12 03:36:05 +0000 2020
@ZodiacKilla69,"Great üèà weekend for me. 2-1 +$2,400 on posted plays, also pocketed $4,000 on these 2 parlays I didn‚Äôt post... 

Tha‚Ä¶ https://t.co/MUXDFPqSes",Mon Oct 12 03:33:33 +0000 2020
@ZodiacKilla69,"BOOOOOOOMMMMM!!!!!!üî•üî•üî•

Today‚Äôs recap: 1-0 +3uüí∞üí∞üí∞

3uüèà 6pt Teaser (-120)üí∞
‚Ä¢Cardinals -1 üí∞
‚Ä¢Steelers -1 üí∞

1 play, 1‚Ä¶ https://t.co/LXjp57WftQ",Sun Oct 11 20:24:57 +0000 2020
@ZodiacKilla69,"If the Steelers lose this game, remember that AWFUL offensive PI call. Just not even remotely close to offensive PI‚Ä¶ https://t.co/PDQNCBS9HW",Sun Oct 11 19:51:36 +0000 2020
@ZodiacKilla69,"Apologies for the typo, NFL 3u plays are 5-3.",Sun Oct 11 16:10:13 +0000 2020
@ZodiacKilla69,"Today‚Äôs NFL card:

3uüèà 6pt Teaser (-120)
‚Ä¢Steelers -1
‚Ä¢Cardinals -1

Jets depleted at multiple positions, Arizona d‚Ä¶ https://t.co/5IXNLYrba7",Sun Oct 11 15:59:45 +0000 2020
@ZodiacKilla69,"WKU +7.5 goes down, clearly didn‚Äôt adjust Marshall enough in my ratings... pre season WKU would have been a favorit‚Ä¶ https://t.co/lJzwLVkoaO",Sun Oct 11 01:35:53 +0000 2020
@ZodiacKilla69,"3uüèà Kansas State +10.5 üí∞üí∞üí∞

You know what we do, another outright underdog winner. ü§∑üèª‚Äç‚ôÇÔ∏è

NCAAF freeplay record imp‚Ä¶ https://t.co/j50yAorI2W",Sun Oct 11 00:11:50 +0000 2020
@ZodiacKilla69,"Skyler Thompson, KSU‚Äôs starting QB ruled out OF COURSE. Was dealing with an injury but many thought he would go...‚Ä¶ https://t.co/6ws9gzjUqO",Sat Oct 10 18:35:45 +0000 2020
@ZodiacKilla69,"RT @ZodiacKilla69: Today‚Äôs NCAAF Card:

3uüèà Kansas State +10.5 (-120)

3uüèà Western Kentucky +7.5 (-120)

Rolling with a couple dogs here, s‚Ä¶",Sat Oct 10 17:39:18 +0000 2020
@ZodiacKilla69,"Today‚Äôs NCAAF Card:

3uüèà Kansas State +10.5 (-120)

3uüèà Western Kentucky +7.5 (-120)

Rolling with a couple dogs he‚Ä¶ https://t.co/mDOkYOY0tg",Sat Oct 10 15:36:58 +0000 2020
@ZodiacKilla69,"0-2 -4.45u‚úñÔ∏è

Louisville with TO after TO, really made it hard on themselves to win the game let alone cover. Rays/‚Ä¶ https://t.co/a84J0BK76y",Sat Oct 10 02:37:35 +0000 2020
@ZodiacKilla69,"This is a very strong play for me, one I‚Äôve been looking at all week. If Louisville wasn‚Äôt coming off BTB losses ag‚Ä¶ https://t.co/EDbqOwQXpe",Fri Oct 09 16:30:53 +0000 2020
@ZodiacKilla69,"Today‚Äôs card:

3uüèà Louisville -4.5 (-115)

1u Parlay (+228)
‚Ä¢Louisville ML
‚Ä¢Lakers ML
‚Ä¢Yankees ML

Included ticket‚Ä¶ https://t.co/6KYWQVIWGg",Fri Oct 09 16:18:48 +0000 2020
@ZodiacKilla69,"Shoutout to Herro for all us Heat +8 bettors üôåüèº 

The overs don‚Äôt get there, ultimately a 1-2 night. Continuing to‚Ä¶ https://t.co/iwwUyMzFdG",Wed Oct 07 03:44:53 +0000 2020
@ZodiacKilla69,"I believe I sent today‚Äôs 3 plays to everyone who joined me in game 1, if I missed you please reach out via DM. 

Bi‚Ä¶ https://t.co/22C1y18RXB",Tue Oct 06 18:08:06 +0000 2020
@ZodiacKilla69,"After not having any action in game 2 and 3 of the #NBAFinals tonights game 4 presents a TON of value. 

3, 3u play‚Ä¶ https://t.co/DdpcD8gvjL",Tue Oct 06 18:07:04 +0000 2020
@ZodiacKilla69,What an absolute brutal way to lose... these fucking refs make it all about them. Nobody knows what a catch is or i‚Ä¶ https://t.co/NSYFH9qHCI,Sun Oct 04 20:01:14 +0000 2020
@ZodiacKilla69,"Today‚Äôs NFL card: 

3uüèà Texans -3 (-130)

One and only spot for the Sunday slate, the only bet you need today. LOAD‚Ä¶ https://t.co/sON8gk6eSl",Sun Oct 04 15:41:45 +0000 2020
@ZodiacKilla69,"BOOOOOOOOMMMMM!!!üî•üî•üî•

3uüèà Boston College +14.5 üí∞üí∞üí∞

Another no doubt underdog winner to keep our undefeated‚Ä¶ https://t.co/OWgCYVAieg",Sat Oct 03 23:13:06 +0000 2020
@ZodiacKilla69,"RT @ZodiacKilla69: Today‚Äôs NCAAF card: 

3uüèà Boston College +14.5 (-110)

Much like our Syracuse play last week (outright +7.5 dog winner),‚Ä¶",Sat Oct 03 17:15:12 +0000 2020
@ZodiacKilla69,"Today‚Äôs NCAAF card: 

3uüèà Boston College +14.5 (-110)

Much like our Syracuse play last week (outright +7.5 dog win‚Ä¶ https://t.co/WLOutlEv07",Sat Oct 03 15:05:19 +0000 2020
@ZodiacKilla69,"Little catchup time. Wednesday‚Äôs 5u Heat +5 was a loser, those who DMd have already been informed they will receive‚Ä¶ https://t.co/Kkk7VDw1s0",Sat Oct 03 00:32:58 +0000 2020
@ZodiacKilla69,"TODAYS THE DAY!!!!! Our first 5uüèÄ NBA MAX play of the playoffs is going off today for game 1 üëÄ

üèÄ5u NBA MAX YTD: 56‚Ä¶ https://t.co/zimU4Atw4P",Wed Sep 30 19:24:30 +0000 2020
@ZodiacKilla69,"Took the day off to prep for our first 5u MAX NBA play of the playoffs üëÄ

5uüèÄ NBA MAX plays on the season went 56-3‚Ä¶ https://t.co/tQMTZgiKkD",Tue Sep 29 22:46:16 +0000 2020
@ZodiacKilla69,"I was mocked by many on here for calling the Chiefs the better team, I put my money where my mouth was and played t‚Ä¶ https://t.co/kcnLklXdSK",Tue Sep 29 03:31:01 +0000 2020
@ZodiacKilla69,"BOOOOOMMMMM!!!!üî•üî•üî•

3uüèà Chiefs +4 üí∞üí∞üí∞

Cash that OUTRIGHT underdog winner üèàüëë

Ravens were the squarest play of the‚Ä¶ https://t.co/GIJpTrv3Ax",Tue Sep 29 03:10:35 +0000 2020
@ZodiacKilla69,"Damn..... the experts have spoken. Everybody knows when the MNF panel all agree on a game it‚Äôs a LOCK #FREEMONEY

S‚Ä¶ https://t.co/EaBb1LHQda",Tue Sep 29 00:07:25 +0000 2020
@ZodiacKilla69,"Okay I‚Äôve seen like 50 bets on this game on this app and every single one has been the Ravens ü§£ü§£ü§£

Guess we‚Äôre gonn‚Ä¶ https://t.co/5bvFpPZ0lv",Mon Sep 28 23:38:21 +0000 2020
@ZodiacKilla69,"RT @ZodiacKilla69: Today‚Äôs NFL card: 

3uüèà Chiefs +4 (-120)

I have seen about 20 MNF bets on my TL, all of which on the Ravens. Books must‚Ä¶",Mon Sep 28 22:46:40 +0000 2020
@ZodiacKilla69,"@marketisstrong William Hill. Line is 3.5, I bought to 4. -120.",Mon Sep 28 21:12:12 +0000 2020
@ZodiacKilla69,"Today‚Äôs NFL card: 

3uüèà Chiefs +4 (-120)

I have seen about 20 MNF bets on my TL, all of which on the Ravens. Books‚Ä¶ https://t.co/Y6cWWvSMwG",Mon Sep 28 20:59:27 +0000 2020
@ZodiacKilla69,"What a performance by the Miami Heat, cannot wait for the NBA Finals!! 

üèÄNBA YTD: 86-61 59% +78.55uüí∞

BIG plans fo‚Ä¶ https://t.co/1QrZIXcFXq",Mon Sep 28 02:11:46 +0000 2020
@ZodiacKilla69,"Today finishes 1-1 -0.6u. 

3u Bills ML üí∞

3u Browns/Cardinals 6pt teaser ‚úñÔ∏è

3u NFL plays now 4-2, most confident‚Ä¶ https://t.co/3FLJQNF6a2",Mon Sep 28 00:46:27 +0000 2020
@ZodiacKilla69,"BOOOOOOOMMMM!!!!üî•üî•üî•

3uüèà Bills ML üí∞üí∞üí∞

Another day, another 3u NFL winner YOU KNOW WHAT WE DO üî•

Also cash the firs‚Ä¶ https://t.co/JXtBdXDNj3",Sun Sep 27 20:09:59 +0000 2020
@ZodiacKilla69,"Today‚Äôs NFL card: 

3uüèà Bills ML (-120)

3uüèà 6pt Teaser (-120)
‚Ä¢Browns -1
‚Ä¢Cardinals pk

Looking to sweep the Sunda‚Ä¶ https://t.co/Nmln7Uv12C",Sun Sep 27 15:37:44 +0000 2020
@ZodiacKilla69,"BOOOOOOMMMMMMM!!!!!üî•üî•üî•

3uüèà Syracuse +7.5 üí∞üí∞üí∞

Outright, underdog blowout winner to cash our only college football‚Ä¶ https://t.co/zPMxv4kj95",Sat Sep 26 20:17:16 +0000 2020
@ZodiacKilla69,In case y‚Äôall were wondering what was delaying our game.... SHOCKER. üôÉ https://t.co/l3sR7Jqazh,Sat Sep 26 16:26:07 +0000 2020
@ZodiacKilla69,"RT @ZodiacKilla69: Today‚Äôs early NCAAF:

3uüèà Syracuse +7.5 (-110)

This is a perfect ‚Äúbuy low‚Äù spot on Syracuse. Home opener after starting‚Ä¶",Sat Sep 26 15:45:25 +0000 2020
@ZodiacKilla69,"Today‚Äôs early NCAAF:

3uüèà Syracuse +7.5 (-110)

This is a perfect ‚Äúbuy low‚Äù spot on Syracuse. Home opener after sta‚Ä¶ https://t.co/sdjwpKqSCF",Sat Sep 26 14:54:54 +0000 2020
@ZodiacKilla69,"THERE WE GO FELLAS!!!!!üî•üî•üî•

3uüèÄ Celtics -3 üí∞üí∞üí∞

Blowout  3u winner to get us back in the win column, continue to st‚Ä¶ https://t.co/ThL5WenUwg",Sat Sep 26 03:23:53 +0000 2020
@zodiacashomes,"This store sells plant vases and holders üò´ 

https://t.co/IBt4TebH97 üíöüå±üçÇ‚òòÔ∏èüåæüå±üíê‚òòÔ∏è https://t.co/DrIDhmHwMr",Sat Nov 07 18:30:28 +0000 2020
@zodiacashomes,"This store sells plant vases and holders üò´ 

https://t.co/IBt4Teti0F üíöüå±üçÇ‚òòÔ∏èüåæüå±üíê‚òòÔ∏è https://t.co/qPutubqTYB",Sat Nov 07 18:30:25 +0000 2020
@zodiacashomes,"This store sells plant vases and holders üò´ 

https://t.co/IBt4TebH97 üíöüå±üçÇ‚òòÔ∏èüåæüå±üíê‚òòÔ∏è https://t.co/N7BDp0w09T",Sat Nov 07 15:59:27 +0000 2020
@zodiacashomes,"Scorpio,Taurus Aries and Capricorn dream home https://t.co/XRjzoRtOb7",Sat Nov 07 15:52:22 +0000 2020
@zodiacashomes,"This store sells plant vases and holders üò´ 

https://t.co/IBt4TebH97 üíöüå±üçÇ‚òòÔ∏èüåæüå±üíê‚òòÔ∏è https://t.co/fMvRWCZswq",Sat Nov 07 15:08:36 +0000 2020
@zodiacashomes,"Scorpio,Aquarius,Virgo and Gemini dream home https://t.co/0Iq0xLjmAo",Sat Nov 07 15:08:01 +0000 2020
@zodiacashomes,"Libra,Leo Sagittarius Aries and Scorpio dream bathroom https://t.co/D6h56PP7eU",Sat Nov 07 06:08:36 +0000 2020
@zodiacashomes,"Taurus,Gemini,Libra and Sagittarius dream home https://t.co/HWsk2qnm5U",Sat Nov 07 02:10:12 +0000 2020
@zodiacashomes,"This store sells plant vases and holders üò´ 

https://t.co/IBt4TebH97 üíöüå±üçÇ‚òòÔ∏èüåæüå±üíê‚òòÔ∏è https://t.co/wFnTkfMeLl",Sat Nov 07 02:04:37 +0000 2020
@zodiacashomes,"Look how cute these personal name necklaces are üò´üí´

And they gave me tha link üëÄ 

https://t.co/8oL9OTtPLT https://t.co/Hu2yJY8olQ",Sat Nov 07 02:04:00 +0000 2020
@zodiacashomes,"This store sells plant vases and holders üò´ 

https://t.co/IBt4TebH97 üíöüå±üçÇ‚òòÔ∏èüåæüå±üíê‚òòÔ∏è https://t.co/PQ3J2L2wKB",Sat Nov 07 02:02:13 +0000 2020
@zodiacashomes,"Gemini,Libra,Taurus and Leo dream bathtub https://t.co/d7PonIQxr3",Fri Nov 06 18:32:59 +0000 2020
@zodiacashomes,"Virgo,Aquarius,Pisces,Sagittarius,Leo and Libra dream home https://t.co/0LQbtvlC4l",Fri Nov 06 17:26:21 +0000 2020
@zodiacashomes,"Aquarius,Virgo,Leo, Scorpio and Pisces dream bathroom https://t.co/UYp83mnCZo",Thu Nov 05 20:20:33 +0000 2020
@zodiacashomes,"RT @zodiacashomes: Pisces,Sagittarius,Leo and Libra dream vacation home https://t.co/3SjLdnTL4A",Thu Nov 05 19:31:34 +0000 2020
@zodiacashomes,JOE BIDEN HAS WON #Election2020,Thu Nov 05 17:17:53 +0000 2020
@zodiacashomes,"RT @acaramellabella: oh to be here, away from the world rn.",Thu Nov 05 14:47:24 +0000 2020
@zodiacashomes,"Pisces,Sagittarius,Leo and Libra dream vacation home https://t.co/3SjLdnTL4A",Thu Nov 05 14:44:15 +0000 2020
@zodiacashomes,RT @Missgiselabella: Aww I can't wait for our little cabin and road trip this weekend for our anniversary üíüüå≤üçæ,Thu Nov 05 04:23:12 +0000 2020
@zodiacashomes,"This store sales house plants+ decor + furniture like this ü§éüñ§ü§éüñ§  

https://t.co/8QdjP4ZdO1",Thu Nov 05 04:22:32 +0000 2020
@zodiacashomes,"Virgo,Libra,Gemini Taurus and Aries dream home https://t.co/OkTl97HcQh",Thu Nov 05 04:22:03 +0000 2020
@zodiacashomes,"Aquarius,Pisces,Libra Virgo and Gemini dream house https://t.co/OcUq24B8QC",Wed Nov 04 15:48:19 +0000 2020
@zodiacashomes,"Link to purchase : 

https://t.co/ZJ3kDTYFFW",Tue Nov 03 04:47:50 +0000 2020
@zodiacashomes,Which is the best? https://t.co/ARlNneNBz1,Tue Nov 03 04:47:19 +0000 2020
@zodiacashomes,"Link to purchase : 

https://t.co/e5v2g3hinR",Tue Nov 03 04:45:42 +0000 2020
@zodiacashomes,@ssstellez The links there üòÇ‚ô•Ô∏è,Tue Nov 03 04:44:07 +0000 2020
@zodiacashomes,"Which would you use for your wall? 

Link: https://t.co/e5v2g3hinR https://t.co/3Pzb6jD0mF",Mon Nov 02 21:42:28 +0000 2020
@zodiacashomes,"This store sales house plants+ decor + furniture like this ü§éüñ§ü§éüñ§  

https://t.co/8QdjP4ZdO1 https://t.co/HHU5uJ3J58",Mon Nov 02 21:41:05 +0000 2020
@zodiacashomes,"This store sales house plants+ decor + furniture like this ü§éüñ§ü§éüñ§  

https://t.co/8QdjP4ZdO1 https://t.co/ifW4qre58s",Mon Nov 02 21:40:46 +0000 2020
@zodiacashomes,"This store sales house plants+ decor + furniture like this ü§éüñ§ü§éüñ§  

https://t.co/8QdjP5gOFz https://t.co/DJdpJAyeRt",Mon Nov 02 21:40:36 +0000 2020
@zodiacashomes,"This store sales house plants+ decor + furniture like this ü§éüñ§ü§éüñ§  

https://t.co/8QdjP4ZdO1 https://t.co/1XbnGNOINs",Mon Nov 02 21:40:27 +0000 2020
@zodiacashomes,"Libra,Leo &amp;Cancer dream bathroom https://t.co/CEi9FfQeIq",Sat Oct 31 21:18:40 +0000 2020
@zodiacashomes,"Leo,Libra,Aquarius and Pisces dream bathtub https://t.co/shZRew44lz",Sat Oct 31 19:50:57 +0000 2020
@zodiacashomes,"Pisces,Aquarius &amp;Virgo dream cabin in the woods https://t.co/LbLLCOcfH0",Fri Oct 30 18:23:46 +0000 2020
@zodiacashomes,"Libra,Leo and Sagittarius dream bathroom https://t.co/F9LX70tz4J",Thu Oct 29 20:03:12 +0000 2020
@zodiacashomes,"Capricorn,Taurus,Virgo and Aquarius dream home. https://t.co/7ODB7pJxdX",Thu Oct 29 12:54:26 +0000 2020
@zodiacashomes,"RT @zodiacashomes: Virgo,Aquarius,Scorpio and Gemini dream home https://t.co/RMWLYSELQZ",Thu Oct 29 09:05:44 +0000 2020
@zodiacashomes,RT @interiorpixs: the before &amp; after transformation of this is amazing https://t.co/rR5TMRYsFc,Wed Oct 28 15:46:19 +0000 2020
@zodiacashomes,"Virgo,Aquarius,Scorpio and Gemini dream home https://t.co/RMWLYSELQZ",Wed Oct 28 12:54:11 +0000 2020
@zodiacashomes,"RT @manifestmomryan: When you truly don‚Äôt care about what anyone thinks of you, you‚Äôve reached a dangerous level of freedom",Wed Oct 28 03:20:23 +0000 2020
@zodiacashomes,"Aquarius,Virgo, Pisces and Cancer dream bathroom https://t.co/aFC1teGeQY",Wed Oct 28 00:24:20 +0000 2020
@zodiacashomes,"Capricorn,Aries,Aquarius, Virgo and Scorpio dream kitchen https://t.co/vquN0OndEd",Tue Oct 27 21:36:30 +0000 2020
@zodiacashomes,"Virgo,Aquarius,Taurus,Pisces and Scorpio dream shower https://t.co/2Siac1OxBg",Tue Oct 27 19:06:30 +0000 2020
@zodiacashomes,"Pisces,Virgo,Aquarius,Cancer and Taurus dream dining room https://t.co/tnEWDCVJyA",Tue Oct 27 17:03:59 +0000 2020
@zodiacashomes,"Virgo,Aquarius,Cancer &amp;Pisces dream home https://t.co/jnHrBgseQb",Tue Oct 27 16:27:12 +0000 2020
@zodiacashomes,"RT @manifestmomryan: I‚Äôll be sending one person that follows + RTs 200$ on October 31st 

Idk why you guys insist on thinking I‚Äôm lying I‚Äôv‚Ä¶",Tue Oct 27 16:13:56 +0000 2020
@zodiacashomes,"Virgo,Aries,Aquarius, Gemini and Taurus dream house https://t.co/1s8XACxwwv",Mon Oct 26 16:40:10 +0000 2020
@zodiacashomes,"Leo,Gemini,Libra,Sagittarius and Aries dream bathroom https://t.co/DKWNmcxDZh",Sun Oct 25 23:03:52 +0000 2020
@zodiacashomes,"Libra,Leo,Sagittarius and Aquarius dream home https://t.co/M31zvpvviH",Sun Oct 25 19:46:33 +0000 2020
@zodiacashomes,"Aquarius,Pisces,Leo, and Libra dream home https://t.co/Z0IfvpAUpJ",Sun Oct 25 18:13:19 +0000 2020
@zodiacashomes,"RT @zodiacashomes: Aquarius,Libra,Taurus &amp; Capricorn dream house https://t.co/uopMjNf285",Sun Oct 25 14:28:53 +0000 2020
@zodiacashomes,"This store sales house plants+ decor + furniture like this ü§éüñ§ü§éüñ§  

https://t.co/8QdjP4ZdO1 https://t.co/ExNqXizW47",Sun Oct 25 14:03:08 +0000 2020
@zodiacashomes,"This store sales house plants+ decor + furniture like this üñ§ü§éüñ§ü§é 

https://t.co/8QdjP4ZdO1 https://t.co/7IRH4YnGes",Sun Oct 25 14:01:33 +0000 2020
@zodiacashomes,"Aquarius,Libra,Taurus &amp; Capricorn dream house https://t.co/uopMjNf285",Sun Oct 25 13:58:40 +0000 2020
@zodiacashomes,"RT @zodiacashomes: Pisces,Cancer,Scorpio Aquarius and Virgo dream bathroom https://t.co/0Efectx8VV",Sat Oct 24 23:13:08 +0000 2020
@zodiacashomes,"Virgo,Pisces,Aquarius and Gemini Cancer dream home https://t.co/uzOmml1yPi",Sat Oct 24 22:29:52 +0000 2020
@zodiacashomes,"Virgo,Sagittarius,Cancer, Leo and Gemini dream home https://t.co/fhQYTg8ECU",Sat Oct 24 21:57:48 +0000 2020
@zodiacashomes,"Pisces,Cancer,Scorpio Aquarius and Virgo dream bathroom https://t.co/0Efectx8VV",Sat Oct 24 19:28:19 +0000 2020
@zodiacashomes,RT @TheEpicDept: https://t.co/IR3tkXdBEl,Sat Oct 24 17:04:46 +0000 2020
@zodiacashomes,"Aquarius,Gemini,Taurus,Virgo Cancer Scorpio and Pisces dream bathroom https://t.co/Ynk50NvpBF",Sat Oct 24 17:02:34 +0000 2020
@zodiacashomes,"This store sales house plants+ decor + furniture like this üëÄ 

https://t.co/8QdjP4ZdO1 https://t.co/fXuO3Yksnw",Sat Oct 24 16:42:57 +0000 2020
@zodiacashomes,"This store sales house plants+ decor + furniture like this üëÄ 

https://t.co/8QdjP4ZdO1 https://t.co/RPLY8rFZqn",Sat Oct 24 16:42:44 +0000 2020
@zodiacashomes,"This store sales house plants+ decor + furniture like this üëÄ 

https://t.co/8QdjP4ZdO1 https://t.co/BqyLiQzhjP",Sat Oct 24 16:42:25 +0000 2020
@zodiacashomes,"Capricorn,Virgo,Aquarius,Scorpio Aries and Sagittarius dream kitchen https://t.co/91aYCVp44c",Sat Oct 24 16:11:11 +0000 2020
@zodiacashomes,"Leo,Libra,Sagittarius snd Gemini‚Äôs dream home https://t.co/xpanOv1UVN",Sat Oct 24 13:59:44 +0000 2020
@zodiacashomes,"Pisces,Aquarius,Leo,Libra and Capricorn‚Äôs dream home https://t.co/zXc3TmeGBP",Sat Oct 24 04:41:12 +0000 2020
@zodiacashomes,"Scorpio,Taurus,Virgo,Aquarius,Pisces,Cancer and Capricorn‚Äôs dream home https://t.co/27KwPaYLuU",Sat Oct 24 01:06:44 +0000 2020
@zodiacashomes,"Libra,Leo,Taurus,Capricorn and Sagittarius‚Äôs dream bathroom https://t.co/GLpWjo5kAJ",Fri Oct 23 22:51:15 +0000 2020
@zodiacashomes,"Virgo,Gemini,Aquarius,Libra,Cancer &amp;Leo‚Äôs dream home https://t.co/YCs455IvSw",Fri Oct 23 20:47:57 +0000 2020
@zodiacashomes,"Libra,Pisces,Aquarius,Virgo Cancer and Scorpio dream room https://t.co/Alq4KWNgLd",Fri Oct 23 17:14:45 +0000 2020
@zodiacashomes,"Leo,Libra &amp;Aries dream bathroom https://t.co/EK531lh2il",Fri Oct 23 17:11:06 +0000 2020
@zodiacashomes,"Capricorn, Virgo,Taurus Leo and Aquarius &amp;Gemini dream home https://t.co/7N2WsByp8v",Fri Oct 23 16:02:09 +0000 2020
@zodiacashomes,"Taurus,Aquarius,Leo,Pisces and Sagittarius dream living room https://t.co/Y4D51IDU6a",Fri Oct 23 15:54:05 +0000 2020
@zodiacashomes,RT @JoeBiden: Donald Trump is the worst president we've ever had.,Fri Oct 23 15:36:24 +0000 2020
@zodiacashomes,"RT @manifestmomryan: 777

This tweet is full of luck, any person that interacts with its will receive abundant luck for the next two weeks,‚Ä¶",Mon Oct 05 04:56:40 +0000 2020
@zodiacashomes,If you want to get bit just say dat. https://t.co/aIur1ur01g,Sun Aug 23 21:41:55 +0000 2020
